date,category,amount
2023-01-01,Entertainment,195.97
2023-01-01,Shopping,774.01
2023-01-02,Rent,222.25
2023-01-02,Utilities,50.0
2023-01-02,Healthcare,50.0
2023-01-03,Dining,50.0
2023-01-03,Utilities,50.0
2023-01-03,Shopping,456.6
2023-01-04,Transport,50.0
2023-01-04,Entertainment,573.55
2023-01-04,Shopping,154.02
2023-01-05,Transport,278.05
2023-01-06,Transport,50.0
2023-01-06,Shopping,50.0
2023-01-06,Dining,50.0
2023-01-07,Groceries,537.54
2023-01-07,Transport,470.55
2023-01-07,Utilities,528.76
2023-01-07,Healthcare,173.75
2023-01-08,Rent,4539.14
2023-01-09,Groceries,1208.37
2023-01-09,Shopping,666.55
2023-01-09,Healthcare,124.91
2023-01-10,Transport,71.55
2023-01-10,Shopping,162.67
2023-01-10,Healthcare,50.0
2023-01-11,Utilities,228.45
2023-01-12,Healthcare,50.0
2023-01-12,Entertainment,58.93
2023-01-12,Rent,4518.43
2023-01-12,Dining,724.49
2023-01-13,Healthcare,50.0
2023-01-14,Dining,255.94
2023-01-14,Entertainment,50.0
2023-01-14,Utilities,124.25
2023-01-14,Shopping,419.52
2023-01-15,Rent,5040.97
2023-01-15,Dining,515.77
2023-01-16,Utilities,50.0
2023-01-16,Dining,897.64
2023-01-16,Transport,423.33
2023-01-16,Groceries,50.0
2023-01-16,Rent,4381.99
2023-01-17,Rent,3033.28
2023-01-17,Transport,405.31
2023-01-17,Healthcare,50.0
2023-01-18,Groceries,50.0
2023-01-18,Healthcare,345.65
2023-01-19,Utilities,50.0
2023-01-19,Groceries,611.03
2023-01-19,Rent,4154.7
2023-01-19,Dining,284.93
2023-01-19,Healthcare,339.22
2023-01-20,Shopping,708.09
2023-01-20,Entertainment,50.0
2023-01-21,Healthcare,80.05
2023-01-21,Shopping,289.74
2023-01-21,Entertainment,71.5
2023-01-22,Entertainment,99.21
2023-01-23,Groceries,1022.27
2023-01-23,Entertainment,299.43
2023-01-23,Healthcare,126.0
2023-01-24,Dining,637.97
2023-01-24,Healthcare,117.77
2023-01-26,Utilities,50.0
2023-01-27,Groceries,495.5
2023-01-27,Dining,50.0
2023-01-27,Utilities,72.97
2023-01-27,Healthcare,116.61
2023-01-28,Healthcare,50.0
2023-01-29,Rent,3127.46
2023-01-29,Transport,420.98
2023-01-29,Entertainment,205.26
2023-01-29,Healthcare,50.0
2023-01-30,Utilities,649.59
2023-01-30,Shopping,50.0
2023-01-30,Healthcare,196.26
2023-01-31,Rent,3936.4
2023-01-31,Entertainment,50.0
2023-01-31,Healthcare,50.0
2023-02-01,Utilities,275.04
2023-02-01,Shopping,50.0
2023-02-03,Utilities,278.12
2023-02-03,Healthcare,184.39
2023-02-03,Dining,50.0
2023-02-04,Entertainment,50.0
2023-02-04,Utilities,472.41
2023-02-06,Groceries,940.26
2023-02-06,Healthcare,177.82
2023-02-07,Entertainment,104.35
2023-02-08,Dining,50.0
2023-02-08,Healthcare,111.23
2023-02-09,Groceries,943.03
2023-02-09,Rent,5768.5
2023-02-09,Dining,52.66
2023-02-09,Utilities,276.76
2023-02-09,Shopping,859.65
2023-02-10,Transport,50.0
2023-02-11,Transport,266.3
2023-02-11,Groceries,210.1
2023-02-11,Dining,224.16
2023-02-12,Groceries,50.0
2023-02-12,Dining,253.84
2023-02-12,Entertainment,371.63
2023-02-13,Shopping,227.01
2023-02-14,Groceries,1233.01
2023-02-14,Rent,50.0
2023-02-14,Transport,50.0
2023-02-15,Shopping,1198.21
2023-02-15,Transport,50.0
2023-02-15,Healthcare,348.88
2023-02-16,Rent,287.33
2023-02-17,Healthcare,137.05
2023-02-17,Utilities,220.3
2023-02-17,Rent,1710.59
2023-02-18,Groceries,863.51
2023-02-18,Entertainment,193.75
2023-02-19,Entertainment,626.96
2023-02-19,Utilities,435.72
2023-02-19,Healthcare,386.72
2023-02-20,Groceries,50.0
2023-02-21,Dining,803.72
2023-02-21,Utilities,341.65
2023-02-22,Rent,1596.77
2023-02-22,Dining,50.0
2023-02-22,Healthcare,210.53
2023-02-23,Shopping,186.71
2023-02-23,Dining,50.0
2023-02-23,Rent,50.0
2023-02-23,Groceries,50.0
2023-02-24,Rent,1357.87
2023-02-24,Entertainment,82.56
2023-02-24,Utilities,104.36
2023-02-25,Dining,50.0
2023-02-25,Transport,342.45
2023-02-25,Shopping,438.1
2023-02-26,Rent,50.0
2023-02-26,Dining,50.0
2023-02-26,Entertainment,50.0
2023-02-27,Dining,85.67
2023-02-27,Healthcare,50.0
2023-02-28,Healthcare,50.0
2023-02-28,Shopping,53.42
2023-02-28,Utilities,50.0
2023-03-01,Groceries,50.0
2023-03-01,Dining,50.0
2023-03-01,Shopping,482.63
2023-03-02,Rent,1470.27
2023-03-02,Dining,441.33
2023-03-02,Utilities,281.7
2023-03-02,Healthcare,50.0
2023-03-03,Rent,50.0
2023-03-03,Dining,50.0
2023-03-03,Entertainment,329.46
2023-03-03,Healthcare,50.0
2023-03-04,Entertainment,403.52
2023-03-04,Groceries,152.36
2023-03-05,Entertainment,323.19
2023-03-05,Healthcare,132.32
2023-03-06,Dining,167.73
2023-03-06,Entertainment,61.57
2023-03-08,Dining,102.38
2023-03-09,Groceries,592.16
2023-03-09,Dining,457.57
2023-03-10,Groceries,50.0
2023-03-10,Dining,50.0
2023-03-11,Shopping,774.28
2023-03-11,Groceries,1489.58
2023-03-11,Rent,391.09
2023-03-11,Dining,615.54
2023-03-12,Entertainment,338.54
2023-03-12,Groceries,596.48
2023-03-13,Groceries,1885.73
2023-03-13,Transport,349.58
2023-03-14,Transport,189.22
2023-03-14,Shopping,834.6
2023-03-15,Rent,50.0
2023-03-16,Groceries,50.0
2023-03-16,Dining,227.34
2023-03-17,Groceries,50.0
2023-03-17,Dining,50.0
2023-03-17,Shopping,205.23
2023-03-18,Dining,1257.97
2023-03-18,Transport,50.0
2023-03-18,Groceries,368.12
2023-03-18,Rent,2190.11
2023-03-19,Dining,345.94
2023-03-19,Utilities,115.26
2023-03-20,Groceries,848.25
2023-03-20,Dining,50.0
2023-03-20,Transport,389.0
2023-03-20,Entertainment,50.0
2023-03-20,Utilities,50.0
2023-03-20,Healthcare,212.87
2023-03-21,Groceries,1111.09
2023-03-21,Utilities,50.0
2023-03-21,Shopping,50.0
2023-03-22,Utilities,50.0
2023-03-22,Dining,935.87
2023-03-23,Healthcare,335.66
2023-03-23,Groceries,1863.84
2023-03-23,Transport,161.21
2023-03-24,Groceries,2184.19
2023-03-24,Rent,3741.77
2023-03-24,Dining,50.0
2023-03-24,Transport,202.75
2023-03-24,Entertainment,50.0
2023-03-25,Groceries,901.49
2023-03-25,Rent,2493.09
2023-03-25,Entertainment,373.85
2023-03-26,Entertainment,50.0
2023-03-26,Rent,3277.98
2023-03-26,Dining,50.0
2023-03-26,Healthcare,50.0
2023-03-27,Utilities,50.0
2023-03-28,Dining,278.8
2023-03-28,Transport,162.0
2023-03-28,Shopping,1172.9
2023-03-29,Dining,50.0
2023-03-29,Transport,515.74
2023-03-29,Utilities,180.2
2023-03-29,Shopping,597.84
2023-03-30,Shopping,50.0
2023-03-31,Utilities,255.19
2023-03-31,Healthcare,107.09
2023-03-31,Rent,1551.29
2023-03-31,Entertainment,334.44
2023-04-01,Shopping,50.0
2023-04-01,Entertainment,299.15
2023-04-02,Groceries,1474.3
2023-04-03,Groceries,1022.68
2023-04-04,Shopping,305.98
2023-04-04,Healthcare,50.0
2023-04-05,Groceries,50.0
2023-04-05,Rent,1590.8
2023-04-05,Entertainment,191.8
2023-04-05,Healthcare,309.85
2023-04-06,Transport,105.29
2023-04-06,Utilities,263.31
2023-04-07,Groceries,845.92
2023-04-07,Rent,50.0
2023-04-07,Entertainment,50.0
2023-04-08,Utilities,276.43
2023-04-08,Rent,5956.37
2023-04-08,Transport,50.0
2023-04-09,Groceries,50.0
2023-04-09,Dining,443.38
2023-04-09,Entertainment,395.65
2023-04-09,Healthcare,106.36
2023-04-10,Groceries,1887.61
2023-04-10,Rent,142.02
2023-04-11,Dining,315.5
2023-04-12,Shopping,97.31
2023-04-13,Entertainment,331.85
2023-04-13,Groceries,50.0
2023-04-13,Healthcare,50.0
2023-04-14,Transport,244.3
2023-04-15,Groceries,1713.92
2023-04-15,Transport,491.58
2023-04-15,Entertainment,50.0
2023-04-16,Groceries,745.64
2023-04-16,Rent,117.44
2023-04-16,Dining,173.57
2023-04-16,Shopping,50.0
2023-04-17,Dining,485.44
2023-04-17,Transport,465.68
2023-04-17,Entertainment,404.83
2023-04-17,Utilities,675.18
2023-04-17,Healthcare,243.03
2023-04-18,Healthcare,50.0
2023-04-18,Transport,139.73
2023-04-19,Transport,602.61
2023-04-20,Dining,725.66
2023-04-20,Entertainment,253.53
2023-04-20,Utilities,50.0
2023-04-20,Shopping,1182.95
2023-04-21,Groceries,50.0
2023-04-21,Entertainment,271.12
2023-04-21,Utilities,50.0
2023-04-21,Healthcare,50.0
2023-04-22,Shopping,1483.49
2023-04-22,Transport,50.0
2023-04-22,Entertainment,124.14
2023-04-23,Healthcare,472.53
2023-04-23,Utilities,172.37
2023-04-23,Entertainment,70.98
2023-04-23,Rent,1627.05
2023-04-24,Rent,3617.38
2023-04-24,Dining,336.18
2023-04-24,Entertainment,50.0
2023-04-24,Shopping,1188.47
2023-04-25,Entertainment,221.49
2023-04-26,Entertainment,50.0
2023-04-27,Dining,50.0
2023-04-27,Shopping,50.0
2023-04-27,Healthcare,155.31
2023-04-28,Groceries,1324.8
2023-04-28,Healthcare,90.84
2023-04-30,Healthcare,107.88
2023-04-30,Shopping,412.81
2023-04-30,Groceries,1092.36
2023-04-30,Rent,2232.68
2023-04-30,Utilities,381.23
2023-05-01,Groceries,1368.18
2023-05-01,Shopping,455.89
2023-05-01,Healthcare,90.13
2023-05-02,Transport,147.17
2023-05-02,Entertainment,243.49
2023-05-02,Utilities,221.16
2023-05-03,Rent,50.0
2023-05-03,Entertainment,332.3
2023-05-04,Healthcare,254.03
2023-05-04,Shopping,250.14
2023-05-04,Transport,139.77
2023-05-04,Dining,704.0
2023-05-05,Dining,182.71
2023-05-05,Transport,436.15
2023-05-06,Groceries,707.19
2023-05-06,Rent,4937.05
2023-05-06,Dining,50.0
2023-05-06,Utilities,50.0
2023-05-06,Healthcare,490.31
2023-05-08,Groceries,588.05
2023-05-08,Dining,394.69
2023-05-08,Shopping,771.32
2023-05-10,Utilities,50.0
2023-05-10,Transport,85.54
2023-05-11,Dining,50.0
2023-05-11,Entertainment,169.73
2023-05-12,Entertainment,50.0
2023-05-13,Healthcare,259.29
2023-05-14,Groceries,654.95
2023-05-14,Dining,139.44
2023-05-14,Transport,327.17
2023-05-14,Utilities,50.0
2023-05-15,Transport,50.0
2023-05-15,Utilities,391.52
2023-05-15,Shopping,50.0
2023-05-16,Rent,50.0
2023-05-16,Shopping,488.99
2023-05-17,Entertainment,248.91
2023-05-18,Utilities,642.69
2023-05-18,Rent,50.0
2023-05-18,Transport,72.77
2023-05-19,Rent,3513.83
2023-05-19,Dining,380.52
2023-05-19,Transport,174.39
2023-05-19,Shopping,195.25
2023-05-20,Transport,50.0
2023-05-21,Groceries,1741.29
2023-05-21,Rent,3319.45
2023-05-21,Dining,866.36
2023-05-21,Transport,50.0
2023-05-21,Entertainment,50.0
2023-05-21,Shopping,50.0
2023-05-22,Groceries,456.77
2023-05-23,Shopping,306.75
2023-05-23,Utilities,394.5
2023-05-24,Groceries,50.0
2023-05-24,Healthcare,123.76
2023-05-25,Rent,5251.79
2023-05-25,Entertainment,163.01
2023-05-25,Shopping,520.62
2023-05-26,Groceries,895.92
2023-05-26,Dining,50.0
2023-05-27,Shopping,149.31
2023-05-28,Groceries,79.13
2023-05-28,Shopping,851.9
2023-05-29,Groceries,50.0
2023-05-29,Entertainment,444.14
2023-05-30,Utilities,213.89
2023-05-30,Dining,50.0
2023-05-30,Transport,180.44
2023-05-31,Transport,320.16
2023-05-31,Utilities,744.57
2023-05-31,Shopping,878.13
2023-05-31,Healthcare,64.81
2023-06-01,Groceries,1592.58
2023-06-01,Dining,50.0
2023-06-01,Transport,50.0
2023-06-01,Utilities,50.0
2023-06-02,Shopping,335.21
2023-06-03,Rent,50.0
2023-06-03,Utilities,50.0
2023-06-04,Rent,50.0
2023-06-04,Entertainment,259.03
2023-06-04,Groceries,1090.48
2023-06-04,Transport,145.41
2023-06-05,Groceries,50.0
2023-06-06,Shopping,229.96
2023-06-07,Groceries,329.33
2023-06-07,Shopping,710.67
2023-06-08,Entertainment,164.32
2023-06-08,Groceries,470.92
2023-06-08,Dining,888.85
2023-06-08,Transport,50.0
2023-06-08,Utilities,50.0
2023-06-09,Utilities,538.58
2023-06-09,Dining,313.02
2023-06-09,Rent,50.0
2023-06-09,Entertainment,50.0
2023-06-10,Groceries,50.0
2023-06-10,Rent,5484.58
2023-06-10,Entertainment,253.5
2023-06-10,Healthcare,111.4
2023-06-11,Entertainment,184.46
2023-06-11,Healthcare,50.0
2023-06-12,Transport,50.0
2023-06-12,Entertainment,170.51
2023-06-12,Shopping,167.72
2023-06-13,Transport,75.39
2023-06-14,Healthcare,82.82
2023-06-14,Entertainment,97.35
2023-06-14,Groceries,1685.88
2023-06-15,Shopping,1155.69
2023-06-16,Dining,449.42
2023-06-16,Entertainment,318.83
2023-06-16,Shopping,50.0
2023-06-17,Rent,6509.71
2023-06-17,Transport,268.4
2023-06-17,Healthcare,50.0
2023-06-18,Transport,344.48
2023-06-19,Healthcare,50.0
2023-06-20,Rent,5287.75
2023-06-20,Utilities,735.16
2023-06-21,Utilities,118.73
2023-06-21,Dining,1002.44
2023-06-22,Transport,50.0
2023-06-22,Shopping,490.03
2023-06-23,Shopping,50.0
2023-06-24,Entertainment,50.0
2023-06-24,Utilities,50.0
2023-06-24,Shopping,50.0
2023-06-25,Groceries,1017.15
2023-06-25,Dining,613.19
2023-06-25,Entertainment,73.21
2023-06-26,Healthcare,253.22
2023-06-26,Utilities,50.0
2023-06-26,Groceries,564.55
2023-06-27,Rent,5180.8
2023-06-27,Dining,50.0
2023-06-27,Transport,50.0
2023-06-27,Utilities,508.89
2023-06-28,Groceries,50.0
2023-06-28,Dining,240.66
2023-06-28,Shopping,50.0
2023-06-29,Transport,50.0
2023-06-29,Shopping,50.0
2023-06-30,Entertainment,699.55
2023-06-30,Utilities,50.0
2023-06-30,Groceries,50.0
2023-07-01,Entertainment,202.08
2023-07-01,Utilities,818.64
2023-07-01,Rent,50.0
2023-07-02,Entertainment,593.4
2023-07-02,Groceries,50.0
2023-07-03,Groceries,50.0
2023-07-03,Rent,3194.93
2023-07-03,Dining,649.77
2023-07-03,Entertainment,50.0
2023-07-04,Groceries,623.98
2023-07-04,Dining,172.23
2023-07-04,Transport,403.68
2023-07-04,Shopping,192.33
2023-07-05,Entertainment,50.0
2023-07-06,Entertainment,159.16
2023-07-07,Dining,50.0
2023-07-07,Utilities,50.0
2023-07-08,Healthcare,140.75
2023-07-08,Groceries,523.22
2023-07-09,Dining,198.09
2023-07-09,Shopping,97.79
2023-07-10,Groceries,586.78
2023-07-11,Transport,230.01
2023-07-11,Shopping,50.0
2023-07-13,Rent,155.37
2023-07-13,Utilities,268.48
2023-07-13,Shopping,101.8
2023-07-14,Groceries,1470.69
2023-07-14,Transport,442.51
2023-07-14,Entertainment,357.88
2023-07-15,Shopping,50.0
2023-07-15,Dining,50.0
2023-07-16,Transport,50.0
2023-07-16,Utilities,286.01
2023-07-16,Shopping,326.5
2023-07-17,Groceries,526.78
2023-07-17,Dining,311.79
2023-07-17,Healthcare,165.96
2023-07-18,Groceries,1840.55
2023-07-18,Rent,1329.24
2023-07-18,Entertainment,50.0
2023-07-18,Utilities,508.61
2023-07-18,Healthcare,434.62
2023-07-19,Rent,50.0
2023-07-19,Healthcare,325.2
2023-07-19,Groceries,957.44
2023-07-19,Shopping,405.02
2023-07-20,Groceries,582.12
2023-07-22,Groceries,883.54
2023-07-22,Dining,82.36
2023-07-23,Utilities,50.0
2023-07-23,Rent,50.0
2023-07-23,Dining,50.0
2023-07-23,Transport,50.0
2023-07-23,Entertainment,58.15
2023-07-23,Healthcare,108.99
2023-07-24,Rent,459.87
2023-07-24,Groceries,50.0
2023-07-24,Utilities,50.0
2023-07-25,Healthcare,146.23
2023-07-25,Groceries,50.0
2023-07-26,Groceries,50.0
2023-07-27,Rent,50.0
2023-07-27,Transport,622.42
2023-07-27,Entertainment,326.24
2023-07-28,Groceries,1587.12
2023-07-28,Rent,50.0
2023-07-28,Dining,389.77
2023-07-28,Healthcare,58.84
2023-07-29,Utilities,50.0
2023-07-29,Shopping,285.53
2023-07-30,Dining,50.0
2023-07-30,Rent,50.0
2023-07-30,Groceries,2512.49
2023-07-31,Rent,3585.45
2023-08-02,Rent,50.0
2023-08-02,Entertainment,52.83
2023-08-02,Utilities,628.33
2023-08-02,Healthcare,366.15
2023-08-03,Utilities,147.11
2023-08-03,Healthcare,143.04
2023-08-04,Rent,2944.0
2023-08-04,Transport,132.44
2023-08-04,Entertainment,50.0
2023-08-04,Utilities,50.0
2023-08-05,Groceries,273.29
2023-08-05,Utilities,239.05
2023-08-06,Transport,650.27
2023-08-07,Groceries,2133.08
2023-08-07,Rent,800.71
2023-08-07,Dining,50.0
2023-08-07,Healthcare,501.83
2023-08-08,Healthcare,50.0
2023-08-09,Rent,9238.17
2023-08-09,Dining,50.0
2023-08-10,Groceries,58.63
2023-08-10,Dining,286.07
2023-08-10,Utilities,292.37
2023-08-11,Transport,50.0
2023-08-11,Dining,162.31
2023-08-12,Shopping,904.74
2023-08-12,Healthcare,50.0
2023-08-13,Dining,627.53
2023-08-14,Groceries,1913.69
2023-08-14,Transport,58.09
2023-08-14,Entertainment,379.3
2023-08-14,Utilities,50.0
2023-08-14,Shopping,50.0
2023-08-14,Healthcare,258.33
2023-08-15,Transport,370.64
2023-08-16,Utilities,50.0
2023-08-16,Transport,50.0
2023-08-16,Shopping,324.17
2023-08-16,Groceries,951.47
2023-08-16,Dining,50.0
2023-08-17,Transport,50.0
2023-08-17,Entertainment,313.91
2023-08-17,Dining,109.47
2023-08-18,Dining,50.0
2023-08-19,Groceries,354.41
2023-08-19,Entertainment,345.3
2023-08-19,Shopping,639.21
2023-08-20,Dining,397.8
2023-08-20,Entertainment,50.0
2023-08-20,Utilities,146.51
2023-08-20,Healthcare,50.0
2023-08-21,Groceries,1244.86
2023-08-21,Dining,556.06
2023-08-21,Transport,50.0
2023-08-21,Utilities,453.65
2023-08-21,Healthcare,50.0
2023-08-22,Rent,50.0
2023-08-23,Groceries,1047.55
2023-08-23,Shopping,478.65
2023-08-24,Entertainment,50.0
2023-08-24,Utilities,378.29
2023-08-24,Shopping,819.47
2023-08-25,Entertainment,50.0
2023-08-25,Utilities,50.0
2023-08-26,Dining,50.0
2023-08-26,Entertainment,609.33
2023-08-26,Healthcare,162.29
2023-08-27,Utilities,50.0
2023-08-27,Healthcare,50.0
2023-08-28,Entertainment,52.08
2023-08-28,Dining,50.0
2023-08-28,Groceries,217.8
2023-08-28,Transport,50.0
2023-08-29,Groceries,50.0
2023-08-30,Dining,78.94
2023-08-30,Transport,188.18
2023-08-30,Entertainment,339.82
2023-08-31,Groceries,50.0
2023-08-31,Rent,1799.43
2023-08-31,Transport,145.78
2023-09-01,Dining,50.0
2023-09-01,Shopping,50.0
2023-09-02,Healthcare,341.33
2023-09-02,Utilities,50.0
2023-09-02,Shopping,50.0
2023-09-03,Rent,2948.07
2023-09-03,Shopping,531.76
2023-09-03,Healthcare,50.0
2023-09-04,Transport,50.0
2023-09-04,Entertainment,603.49
2023-09-04,Healthcare,489.72
2023-09-05,Utilities,50.0
2023-09-05,Entertainment,431.48
2023-09-05,Shopping,79.17
2023-09-05,Groceries,345.44
2023-09-05,Rent,733.82
2023-09-06,Shopping,443.59
2023-09-06,Transport,50.0
2023-09-07,Healthcare,320.06
2023-09-07,Shopping,908.74
2023-09-07,Rent,2552.66
2023-09-07,Transport,133.24
2023-09-08,Transport,50.0
2023-09-08,Healthcare,205.9
2023-09-09,Rent,7574.17
2023-09-09,Dining,71.19
2023-09-09,Transport,350.76
2023-09-09,Utilities,87.76
2023-09-10,Healthcare,50.0
2023-09-11,Utilities,84.81
2023-09-11,Transport,137.27
2023-09-11,Entertainment,153.34
2023-09-11,Rent,3952.79
2023-09-11,Dining,50.0
2023-09-12,Entertainment,289.03
2023-09-13,Transport,50.0
2023-09-13,Utilities,472.28
2023-09-13,Shopping,50.0
2023-09-13,Healthcare,50.0
2023-09-14,Shopping,311.97
2023-09-15,Utilities,50.0
2023-09-15,Rent,50.0
2023-09-15,Dining,137.39
2023-09-15,Entertainment,267.66
2023-09-15,Healthcare,50.0
2023-09-16,Rent,3313.12
2023-09-16,Groceries,50.0
2023-09-17,Rent,50.0
2023-09-18,Dining,890.87
2023-09-18,Transport,242.43
2023-09-18,Healthcare,215.09
2023-09-19,Groceries,50.0
2023-09-19,Transport,726.2
2023-09-20,Shopping,1767.46
2023-09-21,Groceries,50.0
2023-09-22,Rent,50.0
2023-09-22,Utilities,50.0
2023-09-23,Shopping,334.32
2023-09-23,Dining,50.0
2023-09-24,Groceries,1449.41
2023-09-24,Dining,50.0
2023-09-24,Shopping,50.0
2023-09-25,Transport,50.0
2023-09-25,Utilities,204.62
2023-09-26,Entertainment,50.0
2023-09-27,Shopping,972.67
2023-09-27,Healthcare,50.0
2023-09-27,Groceries,1085.58
2023-09-28,Dining,50.0
2023-09-28,Entertainment,465.26
2023-09-28,Groceries,50.0
2023-09-29,Transport,89.09
2023-09-29,Healthcare,50.0
2023-09-29,Rent,50.0
2023-09-29,Dining,50.0
2023-09-30,Healthcare,287.74
2023-09-30,Entertainment,387.58
2023-09-30,Transport,50.0
2023-10-01,Transport,295.96
2023-10-01,Entertainment,186.15
2023-10-02,Rent,50.0
2023-10-02,Shopping,474.65
2023-10-03,Rent,1234.49
2023-10-03,Dining,104.28
2023-10-03,Shopping,1056.26
2023-10-03,Healthcare,50.0
2023-10-04,Transport,50.0
2023-10-04,Entertainment,167.65
2023-10-04,Healthcare,50.0
2023-10-05,Utilities,50.0
2023-10-05,Rent,1103.61
2023-10-05,Groceries,50.0
2023-10-06,Entertainment,444.5
2023-10-06,Healthcare,223.28
2023-10-07,Entertainment,298.89
2023-10-08,Rent,496.22
2023-10-08,Healthcare,50.0
2023-10-09,Rent,3883.91
2023-10-09,Entertainment,294.77
2023-10-09,Utilities,150.66
2023-10-10,Rent,468.26
2023-10-10,Dining,62.12
2023-10-10,Transport,367.63
2023-10-10,Shopping,387.55
2023-10-10,Healthcare,50.0
2023-10-12,Shopping,50.0
2023-10-13,Dining,341.09
2023-10-14,Groceries,1025.64
2023-10-14,Dining,50.0
2023-10-14,Transport,353.66
2023-10-14,Entertainment,131.32
2023-10-14,Utilities,784.69
2023-10-14,Shopping,77.01
2023-10-15,Groceries,688.01
2023-10-15,Rent,8585.29
2023-10-15,Dining,347.2
2023-10-15,Transport,50.0
2023-10-15,Entertainment,50.0
2023-10-16,Utilities,50.0
2023-10-17,Utilities,50.0
2023-10-17,Rent,1315.27
2023-10-17,Transport,50.0
2023-10-18,Groceries,50.0
2023-10-18,Rent,2083.86
2023-10-18,Transport,916.75
2023-10-18,Shopping,50.0
2023-10-18,Healthcare,143.14
2023-10-19,Healthcare,438.73
2023-10-20,Transport,501.75
2023-10-20,Utilities,50.0
2023-10-20,Shopping,79.67
2023-10-21,Transport,490.54
2023-10-21,Rent,4127.23
2023-10-22,Healthcare,50.0
2023-10-22,Groceries,50.0
2023-10-22,Transport,50.0
2023-10-23,Groceries,180.88
2023-10-23,Rent,7635.55
2023-10-23,Utilities,321.24
2023-10-24,Dining,756.35
2023-10-24,Shopping,292.96
2023-10-25,Healthcare,63.43
2023-10-26,Dining,50.0
2023-10-26,Transport,50.0
2023-10-26,Entertainment,308.57
2023-10-26,Shopping,139.15
2023-10-26,Healthcare,50.0
2023-10-27,Healthcare,197.66
2023-10-27,Utilities,218.48
2023-10-27,Transport,586.3
2023-10-28,Groceries,50.0
2023-10-28,Dining,454.49
2023-10-28,Healthcare,139.1
2023-10-29,Dining,50.0
2023-10-29,Transport,235.41
2023-10-29,Entertainment,50.0
2023-10-30,Shopping,50.0
2023-10-30,Healthcare,112.08
2023-10-31,Shopping,168.86
2023-10-31,Healthcare,50.0
2023-11-01,Healthcare,358.29
2023-11-01,Utilities,390.45
2023-11-01,Groceries,1341.84
2023-11-01,Entertainment,50.0
2023-11-03,Entertainment,279.87
2023-11-04,Groceries,497.33
2023-11-04,Healthcare,483.33
2023-11-05,Transport,50.0
2023-11-06,Groceries,693.28
2023-11-06,Dining,50.0
2023-11-06,Healthcare,403.33
2023-11-07,Shopping,658.24
2023-11-08,Entertainment,50.0
2023-11-08,Groceries,490.89
2023-11-08,Transport,368.33
2023-11-09,Rent,940.48
2023-11-09,Entertainment,50.0
2023-11-09,Healthcare,291.7
2023-11-10,Utilities,50.0
2023-11-11,Shopping,50.0
2023-11-11,Dining,106.41
2023-11-11,Entertainment,50.0
2023-11-11,Healthcare,50.0
2023-11-12,Healthcare,50.0
2023-11-12,Entertainment,53.04
2023-11-13,Entertainment,50.0
2023-11-13,Healthcare,86.21
2023-11-13,Groceries,88.46
2023-11-13,Transport,317.26
2023-11-14,Shopping,50.0
2023-11-14,Transport,50.0
2023-11-15,Groceries,995.09
2023-11-15,Entertainment,50.0
2023-11-17,Groceries,50.0
2023-11-18,Entertainment,173.87
2023-11-19,Groceries,50.0
2023-11-19,Entertainment,50.0
2023-11-19,Utilities,271.21
2023-11-19,Shopping,452.24
2023-11-19,Healthcare,50.0
2023-11-20,Transport,504.14
2023-11-20,Utilities,50.0
2023-11-21,Healthcare,167.54
2023-11-21,Entertainment,182.08
2023-11-21,Rent,50.0
2023-11-21,Dining,457.54
2023-11-22,Dining,516.65
2023-11-22,Transport,130.55
2023-11-22,Entertainment,50.0
2023-11-23,Rent,50.0
2023-11-24,Rent,1811.27
2023-11-24,Shopping,50.0
2023-11-24,Healthcare,50.0
2023-11-25,Utilities,50.0
2023-11-25,Transport,50.0
2023-11-25,Shopping,606.54
2023-11-25,Rent,6561.59
2023-11-25,Dining,50.0
2023-11-26,Transport,50.0
2023-11-27,Groceries,976.34
2023-11-27,Rent,1681.7
2023-11-27,Transport,527.51
2023-11-27,Utilities,199.53
2023-11-27,Healthcare,142.95
2023-11-28,Healthcare,267.71
2023-11-29,Transport,580.55
2023-11-29,Utilities,525.27
2023-11-29,Healthcare,50.0
2023-11-30,Shopping,380.45
2023-11-30,Dining,50.0
2023-12-01,Healthcare,50.0
2023-12-02,Shopping,1123.68
2023-12-02,Healthcare,50.0
2023-12-03,Dining,50.0
2023-12-03,Utilities,50.0
2023-12-04,Groceries,345.09
2023-12-04,Rent,4234.09
2023-12-05,Entertainment,145.38
2023-12-05,Healthcare,50.0
2023-12-06,Healthcare,151.55
2023-12-06,Groceries,2329.34
2023-12-06,Dining,259.56
2023-12-06,Entertainment,50.0
2023-12-07,Shopping,475.33
2023-12-07,Healthcare,50.0
2023-12-07,Groceries,50.0
2023-12-07,Entertainment,104.17
2023-12-08,Groceries,1910.15
2023-12-08,Dining,50.0
2023-12-09,Dining,611.46
2023-12-09,Transport,50.0
2023-12-09,Utilities,50.0
2023-12-10,Utilities,248.55
2023-12-10,Healthcare,189.84
2023-12-11,Dining,264.23
2023-12-11,Utilities,199.19
2023-12-11,Healthcare,222.04
2023-12-12,Rent,1970.92
2023-12-13,Healthcare,163.49
2023-12-13,Rent,634.35
2023-12-13,Utilities,50.0
2023-12-14,Groceries,133.71
2023-12-14,Dining,261.24
2023-12-14,Transport,455.45
2023-12-14,Healthcare,145.05
2023-12-16,Groceries,954.18
2023-12-16,Healthcare,88.68
2023-12-17,Entertainment,412.55
2023-12-17,Utilities,145.99
2023-12-18,Healthcare,429.9
2023-12-18,Utilities,331.06
2023-12-19,Transport,50.0
2023-12-19,Healthcare,214.48
2023-12-19,Rent,4711.83
2023-12-20,Groceries,1596.88
2023-12-20,Dining,50.0
2023-12-20,Entertainment,50.0
2023-12-20,Utilities,303.97
2023-12-20,Shopping,63.17
2023-12-21,Dining,50.0
2023-12-21,Transport,50.0
2023-12-21,Entertainment,436.39
2023-12-21,Shopping,50.0
2023-12-21,Healthcare,300.92
2023-12-22,Entertainment,50.0
2023-12-23,Shopping,50.0
2023-12-23,Entertainment,272.56
2023-12-23,Groceries,1147.54
2023-12-24,Dining,470.94
2023-12-24,Transport,50.0
2023-12-25,Rent,5485.92
2023-12-25,Transport,243.96
2023-12-25,Entertainment,50.0
2023-12-25,Healthcare,50.0
2023-12-26,Groceries,1654.24
2023-12-26,Rent,50.0
2023-12-26,Transport,50.0
2023-12-26,Utilities,50.0
2023-12-27,Transport,50.0
2023-12-27,Utilities,659.01
2023-12-27,Shopping,552.61
2023-12-28,Rent,4846.3
2023-12-29,Utilities,333.16
2023-12-29,Healthcare,50.0
2023-12-29,Rent,2055.53
2023-12-30,Rent,50.0
2023-12-30,Transport,420.12
2023-12-31,Transport,285.37
2023-12-31,Utilities,50.0
2024-01-01,Groceries,1036.0
2024-01-01,Rent,2463.75
2024-01-01,Transport,50.0
2024-01-02,Dining,140.75
2024-01-02,Transport,64.74
2024-01-02,Healthcare,308.99
2024-01-03,Rent,50.0
2024-01-03,Shopping,366.9
2024-01-04,Entertainment,585.37
2024-01-04,Dining,50.0
2024-01-05,Dining,312.93
2024-01-05,Transport,50.0
2024-01-05,Healthcare,50.0
2024-01-06,Utilities,276.82
2024-01-06,Shopping,591.99
2024-01-07,Dining,50.0
2024-01-07,Transport,50.0
2024-01-08,Rent,50.0
2024-01-08,Entertainment,339.35
2024-01-08,Utilities,50.0
2024-01-08,Shopping,124.73
2024-01-10,Entertainment,50.0
2024-01-11,Shopping,50.0
2024-01-11,Utilities,311.08
2024-01-12,Rent,50.0
2024-01-12,Dining,1236.87
2024-01-12,Entertainment,50.0
2024-01-12,Utilities,264.11
2024-01-12,Healthcare,50.0
2024-01-13,Dining,1003.35
2024-01-13,Transport,155.41
2024-01-14,Utilities,374.5
2024-01-15,Groceries,1867.09
2024-01-15,Dining,521.48
2024-01-16,Transport,289.75
2024-01-16,Dining,619.17
2024-01-16,Utilities,221.28
2024-01-17,Dining,50.0
2024-01-17,Groceries,50.0
2024-01-18,Rent,2813.94
2024-01-18,Dining,267.43
2024-01-19,Groceries,50.0
2024-01-19,Dining,71.52
2024-01-19,Transport,810.77
2024-01-20,Rent,5184.15
2024-01-20,Utilities,166.87
2024-01-21,Groceries,369.47
2024-01-21,Utilities,1011.22
2024-01-22,Dining,438.83
2024-01-22,Transport,50.0
2024-01-22,Groceries,106.48
2024-01-23,Utilities,497.44
2024-01-23,Entertainment,50.0
2024-01-24,Rent,4134.7
2024-01-24,Transport,223.59
2024-01-24,Utilities,346.8
2024-01-26,Dining,382.28
2024-01-26,Utilities,245.89
2024-01-27,Groceries,50.0
2024-01-27,Dining,50.0
2024-01-27,Transport,98.2
2024-01-27,Entertainment,50.0
2024-01-28,Dining,160.66
2024-01-28,Entertainment,159.37
2024-01-29,Shopping,50.0
2024-01-29,Transport,340.17
2024-01-29,Rent,50.0
2024-01-29,Dining,1056.47
2024-01-30,Transport,197.13
2024-01-30,Shopping,50.0
2024-01-31,Rent,6923.0
2024-01-31,Transport,620.31
2024-01-31,Shopping,601.21
2024-01-31,Healthcare,206.74
2024-02-01,Entertainment,50.0
2024-02-01,Utilities,628.41
2024-02-01,Healthcare,50.0
2024-02-02,Dining,50.0
2024-02-02,Entertainment,50.0
2024-02-03,Utilities,50.0
2024-02-04,Shopping,966.53
2024-02-04,Transport,296.8
2024-02-05,Entertainment,50.0
2024-02-06,Groceries,1415.7
2024-02-06,Dining,50.0
2024-02-07,Rent,100.49
2024-02-07,Entertainment,50.0
2024-02-07,Utilities,50.0
2024-02-07,Healthcare,106.53
2024-02-08,Dining,50.0
2024-02-09,Groceries,402.49
2024-02-09,Rent,2382.08
2024-02-10,Rent,4917.81
2024-02-10,Dining,50.0
2024-02-11,Entertainment,50.0
2024-02-11,Transport,541.36
2024-02-11,Rent,1908.62
2024-02-11,Groceries,50.0
2024-02-11,Dining,50.0
2024-02-12,Rent,8605.77
2024-02-12,Healthcare,50.0
2024-02-13,Rent,2703.29
2024-02-13,Dining,134.99
2024-02-13,Transport,784.43
2024-02-13,Entertainment,135.75
2024-02-14,Rent,1796.94
2024-02-15,Utilities,50.0
2024-02-15,Rent,2028.97
2024-02-16,Transport,348.42
2024-02-16,Rent,1835.66
2024-02-17,Rent,50.0
2024-02-17,Utilities,50.0
2024-02-17,Shopping,264.97
2024-02-18,Shopping,448.22
2024-02-19,Entertainment,169.61
2024-02-20,Groceries,348.84
2024-02-20,Healthcare,181.12
2024-02-21,Transport,150.08
2024-02-21,Entertainment,153.08
2024-02-22,Rent,2230.94
2024-02-22,Dining,717.67
2024-02-23,Healthcare,300.46
2024-02-23,Dining,415.2
2024-02-24,Dining,255.07
2024-02-24,Entertainment,180.54
2024-02-24,Utilities,152.85
2024-02-25,Groceries,698.05
2024-02-25,Rent,2967.06
2024-02-26,Dining,241.76
2024-02-26,Entertainment,187.15
2024-02-27,Rent,50.0
2024-02-27,Shopping,324.64
2024-02-28,Shopping,50.0
2024-02-28,Utilities,797.83
2024-02-28,Healthcare,50.0
2024-02-29,Utilities,263.88
2024-02-29,Transport,265.99
2024-03-01,Transport,548.35
2024-03-02,Dining,50.71
2024-03-03,Rent,2402.28
2024-03-03,Transport,177.78
2024-03-03,Shopping,50.0
2024-03-04,Dining,50.0
2024-03-04,Entertainment,194.49
2024-03-04,Utilities,50.0
2024-03-05,Entertainment,50.0
2024-03-05,Shopping,50.0
2024-03-06,Transport,226.82
2024-03-06,Shopping,186.04
2024-03-06,Entertainment,450.79
2024-03-06,Rent,2683.9
2024-03-06,Groceries,50.0
2024-03-07,Groceries,636.28
2024-03-07,Healthcare,50.0
2024-03-08,Transport,50.0
2024-03-08,Utilities,219.5
2024-03-09,Rent,50.0
2024-03-09,Transport,50.0
2024-03-09,Entertainment,50.0
2024-03-09,Utilities,69.19
2024-03-09,Shopping,225.64
2024-03-10,Healthcare,168.86
2024-03-10,Rent,525.3
2024-03-11,Dining,574.73
2024-03-11,Healthcare,362.53
2024-03-11,Groceries,683.19
2024-03-12,Rent,2864.3
2024-03-12,Dining,50.0
2024-03-13,Groceries,50.0
2024-03-13,Transport,561.32
2024-03-13,Entertainment,50.0
2024-03-13,Healthcare,50.0
2024-03-14,Rent,3499.05
2024-03-14,Dining,50.0
2024-03-14,Entertainment,74.63
2024-03-14,Shopping,523.96
2024-03-14,Healthcare,72.31
2024-03-15,Utilities,802.3
2024-03-15,Shopping,164.38
2024-03-15,Rent,2683.57
2024-03-16,Shopping,585.35
2024-03-16,Healthcare,50.0
2024-03-19,Healthcare,75.74
2024-03-20,Shopping,436.04
2024-03-20,Healthcare,439.25
2024-03-21,Groceries,366.79
2024-03-21,Rent,6719.41
2024-03-22,Dining,50.0
2024-03-22,Transport,128.53
2024-03-22,Entertainment,318.64
2024-03-22,Healthcare,50.0
2024-03-24,Healthcare,50.0
2024-03-24,Groceries,1266.4
2024-03-25,Healthcare,96.41
2024-03-25,Dining,50.0
2024-03-25,Shopping,161.71
2024-03-27,Groceries,268.4
2024-03-27,Rent,50.0
2024-03-27,Shopping,469.06
2024-03-28,Shopping,845.62
2024-03-29,Entertainment,499.93
2024-03-29,Shopping,224.06
2024-03-30,Rent,50.0
2024-03-31,Healthcare,118.6
2024-03-31,Rent,50.0
2024-03-31,Transport,76.41
2024-04-01,Healthcare,50.0
2024-04-01,Rent,3112.75
2024-04-01,Entertainment,50.0
2024-04-02,Rent,1457.65
2024-04-02,Transport,50.0
2024-04-02,Utilities,984.56
2024-04-03,Entertainment,328.1
2024-04-03,Rent,50.0
2024-04-03,Transport,649.05
2024-04-04,Dining,137.38
2024-04-04,Healthcare,299.48
2024-04-04,Rent,3245.7
2024-04-05,Transport,138.18
2024-04-05,Utilities,344.97
2024-04-05,Dining,59.94
2024-04-06,Healthcare,202.72
2024-04-06,Rent,6081.44
2024-04-07,Rent,2262.84
2024-04-07,Entertainment,206.93
2024-04-07,Healthcare,50.0
2024-04-08,Dining,271.24
2024-04-08,Entertainment,65.98
2024-04-09,Groceries,162.66
2024-04-09,Rent,5628.36
2024-04-09,Transport,102.19
2024-04-10,Groceries,585.59
2024-04-10,Transport,294.7
2024-04-11,Groceries,971.45
2024-04-11,Rent,4128.47
2024-04-11,Transport,574.81
2024-04-12,Transport,513.29
2024-04-12,Rent,4353.43
2024-04-13,Groceries,50.0
2024-04-13,Rent,966.76
2024-04-13,Dining,50.0
2024-04-13,Utilities,548.19
2024-04-13,Shopping,386.28
2024-04-14,Utilities,588.71
2024-04-14,Shopping,918.42
2024-04-16,Utilities,181.64
2024-04-16,Shopping,846.37
2024-04-17,Dining,315.22
2024-04-17,Transport,548.23
2024-04-17,Shopping,855.57
2024-04-18,Entertainment,245.94
2024-04-18,Transport,50.0
2024-04-18,Groceries,373.57
2024-04-18,Rent,4653.99
2024-04-19,Groceries,312.11
2024-04-19,Utilities,303.59
2024-04-19,Shopping,50.0
2024-04-19,Healthcare,50.0
2024-04-20,Transport,277.33
2024-04-20,Utilities,345.87
2024-04-22,Dining,331.4
2024-04-22,Entertainment,50.0
2024-04-22,Utilities,421.04
2024-04-23,Entertainment,50.0
2024-04-23,Rent,2142.92
2024-04-23,Groceries,50.0
2024-04-24,Transport,92.06
2024-04-24,Shopping,122.24
2024-04-24,Healthcare,117.94
2024-04-25,Entertainment,612.79
2024-04-25,Shopping,1422.73
2024-04-26,Transport,730.13
2024-04-27,Rent,2953.97
2024-04-28,Transport,177.05
2024-04-28,Entertainment,50.0
2024-04-28,Utilities,262.53
2024-04-29,Dining,1104.47
2024-04-30,Utilities,476.81
2024-04-30,Dining,50.0
2024-04-30,Groceries,50.0
2024-05-01,Transport,73.72
2024-05-01,Utilities,145.93
2024-05-02,Dining,50.0
2024-05-03,Rent,5090.64
2024-05-03,Transport,453.18
2024-05-03,Utilities,736.79
2024-05-03,Shopping,571.55
2024-05-04,Utilities,50.0
2024-05-04,Dining,50.0
2024-05-04,Shopping,50.0
2024-05-04,Groceries,318.76
2024-05-04,Rent,5227.79
2024-05-05,Rent,50.0
2024-05-05,Healthcare,68.12
2024-05-06,Groceries,58.34
2024-05-07,Groceries,50.0
2024-05-07,Utilities,50.0
2024-05-08,Dining,648.57
2024-05-08,Entertainment,513.98
2024-05-08,Healthcare,50.0
2024-05-09,Utilities,79.25
2024-05-09,Shopping,50.0
2024-05-09,Healthcare,90.93
2024-05-10,Dining,50.0
2024-05-10,Shopping,214.75
2024-05-11,Healthcare,196.61
2024-05-11,Dining,629.05
2024-05-12,Rent,50.0
2024-05-12,Transport,50.0
2024-05-12,Shopping,308.14
2024-05-13,Groceries,1273.14
2024-05-13,Utilities,50.0
2024-05-13,Shopping,66.57
2024-05-14,Entertainment,50.0
2024-05-15,Groceries,1187.54
2024-05-15,Rent,4852.67
2024-05-15,Utilities,532.9
2024-05-16,Dining,553.75
2024-05-16,Rent,1236.98
2024-05-16,Healthcare,50.0
2024-05-17,Entertainment,50.0
2024-05-18,Entertainment,50.0
2024-05-18,Shopping,81.48
2024-05-19,Entertainment,367.99
2024-05-19,Utilities,384.05
2024-05-20,Rent,50.0
2024-05-20,Dining,304.26
2024-05-20,Shopping,162.5
2024-05-21,Rent,5149.35
2024-05-21,Entertainment,50.0
2024-05-21,Utilities,50.0
2024-05-22,Utilities,50.0
2024-05-22,Shopping,642.29
2024-05-22,Groceries,506.59
2024-05-23,Entertainment,220.94
2024-05-23,Dining,774.44
2024-05-24,Groceries,50.0
2024-05-24,Rent,2582.06
2024-05-24,Shopping,910.66
2024-05-25,Rent,50.0
2024-05-25,Transport,477.42
2024-05-25,Utilities,50.0
2024-05-25,Shopping,545.44
2024-05-26,Rent,2874.6
2024-05-26,Entertainment,50.0
2024-05-26,Shopping,504.68
2024-05-27,Utilities,50.0
2024-05-27,Shopping,703.0
2024-05-27,Healthcare,50.0
2024-05-28,Dining,321.25
2024-05-28,Rent,3683.92
2024-05-29,Groceries,50.0
2024-05-29,Rent,783.03
2024-05-29,Dining,758.43
2024-05-29,Transport,55.0
2024-05-29,Entertainment,50.0
2024-05-29,Utilities,388.49
2024-05-29,Shopping,942.07
2024-05-30,Transport,50.0
2024-05-30,Entertainment,362.43
2024-05-31,Groceries,341.57
2024-05-31,Shopping,177.8
2024-06-02,Entertainment,89.41
2024-06-02,Rent,1914.57
2024-06-03,Groceries,209.81
2024-06-03,Dining,779.94
2024-06-03,Transport,50.0
2024-06-03,Utilities,50.0
2024-06-03,Healthcare,443.81
2024-06-04,Groceries,204.58
2024-06-04,Transport,280.29
2024-06-04,Entertainment,173.34
2024-06-05,Groceries,462.21
2024-06-05,Transport,50.0
2024-06-05,Entertainment,50.0
2024-06-05,Healthcare,50.0
2024-06-06,Transport,212.84
2024-06-06,Groceries,1856.44
2024-06-07,Dining,50.0
2024-06-07,Utilities,376.48
2024-06-09,Rent,50.0
2024-06-09,Dining,50.0
2024-06-09,Shopping,50.0
2024-06-10,Entertainment,50.0
2024-06-10,Shopping,1386.97
2024-06-11,Transport,256.88
2024-06-11,Entertainment,422.76
2024-06-11,Utilities,574.59
2024-06-11,Healthcare,185.06
2024-06-12,Entertainment,50.0
2024-06-13,Healthcare,362.96
2024-06-14,Rent,754.15
2024-06-14,Shopping,563.31
2024-06-15,Groceries,50.0
2024-06-15,Dining,1042.85
2024-06-15,Transport,365.53
2024-06-15,Healthcare,68.45
2024-06-16,Dining,50.0
2024-06-16,Entertainment,168.71
2024-06-16,Shopping,715.63
2024-06-17,Shopping,50.0
2024-06-17,Utilities,586.88
2024-06-17,Healthcare,50.0
2024-06-17,Dining,492.76
2024-06-17,Entertainment,335.41
2024-06-18,Groceries,50.0
2024-06-18,Rent,50.0
2024-06-18,Entertainment,224.03
2024-06-18,Shopping,50.0
2024-06-20,Transport,50.0
2024-06-20,Shopping,546.27
2024-06-21,Groceries,501.13
2024-06-21,Transport,50.0
2024-06-21,Utilities,440.22
2024-06-22,Healthcare,499.37
2024-06-22,Groceries,489.44
2024-06-22,Entertainment,128.37
2024-06-23,Utilities,50.0
2024-06-23,Dining,583.14
2024-06-23,Rent,2372.84
2024-06-24,Entertainment,288.36
2024-06-24,Healthcare,320.79
2024-06-25,Rent,731.16
2024-06-25,Dining,433.87
2024-06-25,Transport,50.0
2024-06-25,Utilities,50.0
2024-06-25,Healthcare,356.19
2024-06-26,Rent,3515.83
2024-06-26,Dining,353.68
2024-06-26,Utilities,50.0
2024-06-27,Groceries,197.79
2024-06-29,Shopping,382.13
2024-06-29,Utilities,138.73
2024-06-29,Entertainment,469.12
2024-06-29,Dining,173.24
2024-06-30,Rent,2958.55
2024-06-30,Healthcare,50.0
2024-07-01,Groceries,1636.04
2024-07-01,Rent,614.85
2024-07-01,Transport,566.94
2024-07-01,Shopping,50.0
2024-07-02,Groceries,85.9
2024-07-02,Shopping,438.66
2024-07-02,Healthcare,50.0
2024-07-03,Groceries,358.72
2024-07-03,Shopping,734.55
2024-07-04,Healthcare,50.0
2024-07-04,Entertainment,468.55
2024-07-04,Utilities,652.81
2024-07-04,Dining,205.21
2024-07-04,Groceries,1395.71
2024-07-05,Groceries,211.21
2024-07-05,Shopping,50.0
2024-07-06,Rent,50.0
2024-07-06,Shopping,1505.75
2024-07-06,Healthcare,266.65
2024-07-07,Groceries,1129.05
2024-07-07,Dining,50.0
2024-07-07,Entertainment,50.0
2024-07-08,Healthcare,50.0
2024-07-08,Shopping,665.58
2024-07-08,Groceries,50.0
2024-07-08,Utilities,220.83
2024-07-09,Groceries,837.31
2024-07-09,Rent,3229.1
2024-07-09,Dining,363.04
2024-07-09,Healthcare,50.0
2024-07-10,Groceries,50.0
2024-07-10,Rent,2887.4
2024-07-10,Shopping,50.0
2024-07-10,Healthcare,50.0
2024-07-11,Entertainment,50.0
2024-07-11,Rent,50.0
2024-07-11,Healthcare,221.4
2024-07-12,Dining,50.0
2024-07-12,Groceries,1112.6
2024-07-13,Rent,2297.81
2024-07-14,Rent,6378.7
2024-07-14,Entertainment,184.26
2024-07-14,Healthcare,50.0
2024-07-15,Rent,957.72
2024-07-15,Healthcare,93.13
2024-07-16,Rent,5077.47
2024-07-16,Shopping,1334.01
2024-07-17,Groceries,1329.47
2024-07-17,Transport,210.81
2024-07-17,Shopping,857.82
2024-07-18,Entertainment,236.53
2024-07-19,Rent,1003.42
2024-07-21,Rent,2247.82
2024-07-21,Utilities,113.51
2024-07-22,Dining,50.0
2024-07-22,Transport,50.0
2024-07-22,Entertainment,186.04
2024-07-22,Shopping,1122.48
2024-07-23,Groceries,232.14
2024-07-23,Rent,50.0
2024-07-23,Dining,722.73
2024-07-23,Utilities,632.07
2024-07-23,Shopping,259.81
2024-07-24,Dining,499.93
2024-07-24,Groceries,597.86
2024-07-25,Dining,50.0
2024-07-25,Utilities,50.0
2024-07-25,Groceries,473.63
2024-07-26,Entertainment,166.8
2024-07-26,Shopping,682.0
2024-07-26,Healthcare,529.52
2024-07-27,Dining,50.0
2024-07-27,Entertainment,472.92
2024-07-27,Healthcare,50.0
2024-07-28,Shopping,68.38
2024-07-29,Dining,481.22
2024-07-29,Shopping,50.0
2024-07-30,Entertainment,50.0
2024-07-30,Utilities,50.0
2024-07-31,Groceries,194.26
2024-08-01,Shopping,1379.86
2024-08-01,Transport,417.4
2024-08-01,Dining,50.0
2024-08-01,Rent,1558.54
2024-08-02,Utilities,50.0
2024-08-02,Shopping,1069.58
2024-08-03,Groceries,598.53
2024-08-03,Rent,1694.64
2024-08-03,Transport,50.0
2024-08-04,Healthcare,50.0
2024-08-04,Utilities,181.12
2024-08-05,Dining,432.03
2024-08-05,Healthcare,84.53
2024-08-05,Rent,8923.29
2024-08-06,Shopping,511.77
2024-08-06,Utilities,50.0
2024-08-06,Rent,532.28
2024-08-06,Dining,146.17
2024-08-06,Entertainment,92.3
2024-08-07,Dining,440.77
2024-08-07,Healthcare,182.91
2024-08-08,Rent,3491.97
2024-08-08,Dining,426.87
2024-08-08,Transport,50.0
2024-08-08,Entertainment,50.0
2024-08-09,Rent,4479.21
2024-08-09,Dining,493.24
2024-08-09,Shopping,50.0
2024-08-10,Entertainment,101.8
2024-08-10,Rent,50.0
2024-08-11,Rent,3688.95
2024-08-11,Transport,422.6
2024-08-11,Shopping,50.0
2024-08-12,Groceries,50.0
2024-08-12,Healthcare,130.74
2024-08-13,Rent,50.0
2024-08-13,Healthcare,50.0
2024-08-14,Rent,6498.65
2024-08-14,Dining,82.81
2024-08-14,Healthcare,374.77
2024-08-15,Healthcare,55.9
2024-08-15,Groceries,559.16
2024-08-16,Utilities,261.36
2024-08-16,Shopping,50.0
2024-08-16,Groceries,927.52
2024-08-16,Entertainment,119.09
2024-08-17,Dining,50.0
2024-08-17,Utilities,50.0
2024-08-18,Transport,222.86
2024-08-19,Groceries,2002.62
2024-08-19,Shopping,656.2
2024-08-20,Dining,95.31
2024-08-20,Utilities,50.0
2024-08-20,Shopping,50.0
2024-08-21,Groceries,837.63
2024-08-22,Healthcare,231.84
2024-08-22,Dining,50.0
2024-08-22,Transport,50.0
2024-08-22,Groceries,50.0
2024-08-22,Rent,4581.46
2024-08-23,Transport,50.0
2024-08-23,Utilities,50.0
2024-08-23,Healthcare,292.39
2024-08-24,Utilities,372.47
2024-08-26,Groceries,959.62
2024-08-26,Entertainment,50.0
2024-08-26,Shopping,704.45
2024-08-26,Healthcare,50.0
2024-08-27,Healthcare,50.0
2024-08-27,Transport,50.0
2024-08-28,Transport,158.46
2024-08-28,Entertainment,146.45
2024-08-28,Dining,435.82
2024-08-29,Rent,50.0
2024-08-29,Entertainment,50.0
2024-08-29,Utilities,349.93
2024-08-29,Shopping,830.26
2024-08-30,Rent,754.91
2024-08-30,Dining,55.2
2024-08-30,Transport,50.0
2024-08-30,Healthcare,50.0
2024-08-31,Groceries,964.68
2024-08-31,Transport,50.0
2024-08-31,Healthcare,50.0
2024-09-02,Healthcare,75.75
2024-09-03,Dining,75.56
2024-09-03,Groceries,431.28
2024-09-04,Transport,50.0
2024-09-04,Entertainment,75.24
2024-09-04,Utilities,672.05
2024-09-04,Shopping,133.98
2024-09-05,Dining,911.36
2024-09-05,Entertainment,260.33
2024-09-05,Healthcare,50.0
2024-09-06,Transport,532.8
2024-09-06,Entertainment,50.0
2024-09-06,Healthcare,50.0
2024-09-07,Rent,50.0
2024-09-07,Dining,606.84
2024-09-07,Transport,50.0
2024-09-07,Shopping,243.63
2024-09-08,Utilities,50.0
2024-09-08,Rent,50.0
2024-09-09,Groceries,1260.21
2024-09-09,Rent,50.0
2024-09-09,Transport,390.35
2024-09-10,Groceries,50.0
2024-09-11,Rent,86.37
2024-09-11,Entertainment,50.0
2024-09-11,Utilities,438.61
2024-09-11,Shopping,421.79
2024-09-12,Dining,313.81
2024-09-12,Transport,50.0
2024-09-13,Dining,969.7
2024-09-13,Transport,469.49
2024-09-13,Rent,50.0
2024-09-14,Rent,50.0
2024-09-15,Transport,66.46
2024-09-15,Shopping,418.99
2024-09-15,Healthcare,50.0
2024-09-16,Transport,50.0
2024-09-17,Entertainment,365.76
2024-09-17,Utilities,50.0
2024-09-18,Groceries,1157.3
2024-09-18,Dining,653.2
2024-09-18,Healthcare,50.0
2024-09-19,Shopping,243.45
2024-09-19,Groceries,928.27
2024-09-19,Healthcare,50.0
2024-09-20,Healthcare,185.92
2024-09-20,Shopping,141.62
2024-09-21,Transport,315.46
2024-09-21,Entertainment,50.0
2024-09-21,Shopping,50.0
2024-09-21,Healthcare,308.73
2024-09-22,Groceries,350.43
2024-09-22,Rent,5151.18
2024-09-23,Groceries,50.0
2024-09-23,Transport,50.0
2024-09-24,Groceries,1101.97
2024-09-24,Healthcare,50.47
2024-09-25,Dining,591.91
2024-09-25,Rent,3191.03
2024-09-25,Healthcare,77.8
2024-09-26,Healthcare,83.28
2024-09-26,Shopping,50.0
2024-09-26,Rent,1369.47
2024-09-26,Entertainment,267.62
2024-09-27,Transport,50.0
2024-09-28,Utilities,158.65
2024-09-29,Rent,50.0
2024-09-29,Utilities,290.76
2024-09-29,Shopping,50.0
2024-09-29,Healthcare,222.38
2024-09-30,Groceries,728.93
2024-09-30,Utilities,50.0
2024-10-01,Transport,660.47
2024-10-01,Rent,3283.74
2024-10-02,Utilities,774.34
2024-10-02,Dining,50.0
2024-10-02,Groceries,50.0
2024-10-03,Rent,1012.57
2024-10-03,Transport,50.0
2024-10-03,Healthcare,259.97
2024-10-04,Transport,366.44
2024-10-05,Utilities,50.0
2024-10-06,Groceries,262.82
2024-10-06,Entertainment,50.0
2024-10-07,Groceries,50.0
2024-10-07,Entertainment,106.47
2024-10-08,Utilities,221.28
2024-10-08,Shopping,890.1
2024-10-09,Shopping,50.0
2024-10-09,Transport,50.0
2024-10-09,Utilities,173.83
2024-10-10,Rent,50.0
2024-10-10,Dining,50.0
2024-10-11,Rent,1396.75
2024-10-11,Dining,425.69
2024-10-11,Utilities,50.0
2024-10-12,Groceries,50.0
2024-10-13,Dining,144.03
2024-10-13,Entertainment,135.28
2024-10-13,Shopping,50.0
2024-10-14,Healthcare,50.0
2024-10-14,Utilities,50.0
2024-10-14,Shopping,1078.6
2024-10-14,Dining,60.01
2024-10-14,Entertainment,258.5
2024-10-15,Utilities,50.0
2024-10-16,Rent,3043.18
2024-10-16,Transport,554.12
2024-10-16,Entertainment,50.0
2024-10-16,Healthcare,191.51
2024-10-17,Transport,125.15
2024-10-17,Entertainment,50.0
2024-10-17,Shopping,50.0
2024-10-18,Transport,50.0
2024-10-18,Groceries,180.59
2024-10-18,Dining,560.64
2024-10-19,Shopping,50.0
2024-10-19,Dining,963.78
2024-10-19,Groceries,50.0
2024-10-20,Groceries,50.0
2024-10-20,Dining,50.0
2024-10-20,Transport,212.57
2024-10-20,Entertainment,308.21
2024-10-21,Transport,50.0
2024-10-22,Rent,10600.04
2024-10-22,Dining,70.75
2024-10-22,Shopping,406.94
2024-10-23,Shopping,565.21
2024-10-24,Transport,208.5
2024-10-24,Healthcare,50.0
2024-10-24,Dining,50.0
2024-10-25,Healthcare,50.0
2024-10-25,Entertainment,50.0
2024-10-25,Shopping,1148.15
2024-10-26,Dining,299.48
2024-10-26,Transport,330.32
2024-10-26,Entertainment,265.84
2024-10-26,Healthcare,441.15
2024-10-27,Dining,50.0
2024-10-27,Entertainment,552.21
2024-10-28,Rent,2034.55
2024-10-28,Dining,50.0
2024-10-29,Healthcare,50.0
2024-10-29,Utilities,234.95
2024-10-29,Shopping,384.97
2024-10-29,Dining,50.0
2024-10-29,Groceries,1213.92
2024-10-29,Entertainment,66.34
2024-10-30,Groceries,50.0
2024-10-30,Transport,498.85
2024-10-30,Utilities,50.0
2024-10-30,Shopping,913.75
2024-10-31,Entertainment,70.12
2024-11-01,Healthcare,50.0
2024-11-02,Utilities,111.79
2024-11-02,Healthcare,304.53
2024-11-04,Groceries,50.0
2024-11-04,Transport,50.0
2024-11-04,Entertainment,50.0
2024-11-05,Rent,3319.87
2024-11-05,Groceries,758.94
2024-11-06,Groceries,435.59
2024-11-06,Rent,4930.47
2024-11-06,Dining,346.31
2024-11-06,Transport,169.63
2024-11-07,Transport,50.0
2024-11-07,Entertainment,50.0
2024-11-08,Entertainment,50.0
2024-11-08,Utilities,215.68
2024-11-08,Shopping,243.94
2024-11-08,Healthcare,50.0
2024-11-10,Shopping,232.5
2024-11-10,Groceries,1017.68
2024-11-11,Rent,6814.7
2024-11-11,Transport,344.51
2024-11-11,Entertainment,50.0
2024-11-11,Shopping,377.73
2024-11-12,Entertainment,50.0
2024-11-12,Utilities,883.39
2024-11-13,Shopping,700.61
2024-11-13,Rent,2566.24
2024-11-13,Dining,384.44
2024-11-13,Entertainment,291.9
2024-11-13,Healthcare,50.0
2024-11-14,Utilities,578.1
2024-11-14,Entertainment,50.0
2024-11-14,Healthcare,50.0
2024-11-15,Groceries,1039.72
2024-11-16,Groceries,480.32
2024-11-17,Transport,725.73
2024-11-17,Shopping,209.49
2024-11-18,Rent,143.39
2024-11-18,Dining,245.49
2024-11-18,Transport,727.68
2024-11-18,Shopping,525.57
2024-11-19,Entertainment,285.8
2024-11-20,Rent,5519.04
2024-11-21,Entertainment,355.81
2024-11-21,Utilities,184.26
2024-11-22,Groceries,947.96
2024-11-22,Shopping,60.6
2024-11-23,Utilities,358.94
2024-11-24,Dining,207.02
2024-11-24,Shopping,50.0
2024-11-25,Groceries,50.0
2024-11-25,Dining,147.23
2024-11-26,Groceries,688.76
2024-11-26,Rent,2123.71
2024-11-26,Dining,466.33
2024-11-26,Utilities,122.46
2024-11-26,Shopping,584.37
2024-11-26,Healthcare,138.1
2024-11-27,Rent,50.0
2024-11-27,Shopping,406.21
2024-11-28,Healthcare,50.0
2024-11-28,Shopping,462.38
2024-11-28,Dining,50.0
2024-11-28,Entertainment,203.51
2024-11-29,Entertainment,50.0
2024-11-30,Groceries,167.67
2024-11-30,Transport,465.72
2024-11-30,Healthcare,50.0
2024-12-01,Rent,1450.29
2024-12-01,Entertainment,284.0
2024-12-01,Healthcare,478.44
2024-12-02,Shopping,474.24
2024-12-02,Healthcare,68.29
2024-12-02,Utilities,440.85
2024-12-02,Transport,50.0
2024-12-02,Rent,50.0
2024-12-02,Entertainment,50.0
2024-12-03,Groceries,50.0
2024-12-03,Dining,50.0
2024-12-04,Transport,417.0
2024-12-04,Entertainment,50.0
2024-12-04,Shopping,52.2
2024-12-05,Shopping,907.82
2024-12-06,Transport,474.9
2024-12-06,Dining,142.06
2024-12-06,Utilities,50.0
2024-12-07,Healthcare,558.38
2024-12-07,Utilities,50.0
2024-12-07,Transport,50.0
2024-12-07,Dining,56.7
2024-12-07,Rent,603.54
2024-12-08,Transport,710.24
2024-12-08,Entertainment,638.34
2024-12-08,Shopping,50.0
2024-12-09,Groceries,50.0
2024-12-09,Dining,50.0
2024-12-10,Dining,277.2
2024-12-10,Transport,439.38
2024-12-10,Entertainment,50.0
2024-12-11,Healthcare,50.0
2024-12-11,Shopping,50.0
2024-12-11,Entertainment,544.09
2024-12-11,Dining,516.66
2024-12-11,Rent,5353.31
2024-12-11,Transport,50.0
2024-12-12,Entertainment,239.47
2024-12-12,Utilities,1129.64
2024-12-13,Transport,240.56
2024-12-13,Utilities,689.91
2024-12-13,Healthcare,254.65
2024-12-14,Rent,50.0
2024-12-14,Shopping,319.83
2024-12-14,Healthcare,50.0
2024-12-15,Shopping,158.24
2024-12-15,Groceries,993.46
2024-12-15,Transport,423.06
2024-12-16,Utilities,50.0
2024-12-16,Rent,1840.37
2024-12-16,Entertainment,164.6
2024-12-17,Utilities,431.57
2024-12-17,Shopping,50.0
2024-12-17,Healthcare,50.0
2024-12-18,Groceries,1104.73
2024-12-18,Rent,1210.96
2024-12-18,Entertainment,150.25
2024-12-18,Healthcare,255.6
2024-12-19,Rent,944.71
2024-12-19,Transport,513.64
2024-12-20,Healthcare,50.0
2024-12-20,Shopping,847.99
2024-12-21,Shopping,50.0
2024-12-21,Entertainment,162.67
2024-12-21,Utilities,95.06
2024-12-22,Rent,4289.22
2024-12-22,Dining,50.0
2024-12-22,Transport,692.28
2024-12-22,Utilities,128.28
2024-12-23,Transport,100.48
2024-12-23,Healthcare,50.0
2024-12-24,Healthcare,52.95
2024-12-25,Utilities,86.78
2024-12-26,Dining,124.86
2024-12-27,Dining,97.44
2024-12-27,Healthcare,50.0
2024-12-28,Dining,880.63
2024-12-29,Entertainment,50.0
2024-12-29,Shopping,50.0
2024-12-29,Rent,1391.05
2024-12-29,Transport,185.05
2024-12-29,Healthcare,284.6
2024-12-30,Groceries,990.1
2024-12-30,Utilities,50.0
